[
  { "id": 1, "label": "" },
  { "id": 2, "label": "" },
  { "id": 3, "label": "" },
  { "id": 4, "label": "" },
  { "id": 5, "label": "" },
  { "id": 6, "label": "" },
  { "id": 7, "label": "" },
  { "id": 8, "label": "" },
  { "id": 9, "label": "" },
  { "id": 10, "label": "" },
  { "id": 11, "label": "" },
  { "id": 12, "label": "" },
  { "id": 13, "label": "" },
  { "id": 14, "label": "" },
  { "id": 15, "label": "" },
  { "id": 16, "label": "" },
  { "id": 17, "label": "" },
  { "id": 18, "label": "" },
  { "id": 19, "label": "" },
  { "id": 20, "label": "" },
  { "id": 21, "label": "" },
  { "id": 22, "label": "" },
  { "id": 23, "label": "" },
  { "id": 24, "label": "" },
  { "id": 25, "label": "" },
  { "id": 26, "label": "" },
  { "id": 27, "label": "" },
  { "id": 28, "label": "" },
  { "id": 29, "label": "" },
  { "id": 30, "label": "" },
  { "id": 31, "label": "" },
  { "id": 32, "label": "" },
  { "id": 33, "label": "" },
  { "id": 34, "label": "" },
  { "id": 35, "label": "" },
  { "id": 36, "label": "" },
  { "id": 37, "label": "" },
  { "id": 38, "label": "" },
  { "id": 39, "label": "" },
  { "id": 40, "label": "" },
  { "id": 41, "label": "" },
  { "id": 42, "label": "" },
  { "id": 43, "label": "" },
  { "id": 44, "label": "" },
  { "id": 45, "label": "" },
  { "id": 46, "label": "" },
  { "id": 47, "label": "" },
  { "id": 48, "label": "" },
  { "id": 49, "label": "" },
  { "id": 50, "label": "" },
  { "id": 51, "label": "" },
  { "id": 52, "label": "" },
  { "id": 53, "label": "" },
  { "id": 54, "label": "" },
  { "id": 55, "label": "" },
  { "id": 56, "label": "" },
  { "id": 57, "label": "" },
  { "id": 58, "label": "" },
  { "id": 59, "label": "" },
  { "id": 60, "label": "" },
  { "id": 61, "label": "" },
  { "id": 62, "label": "" },
  { "id": 63, "label": "" },
  { "id": 64, "label": "" },
  { "id": 65, "label": "" },
  { "id": 66, "label": "" },
  { "id": 67, "label": "" },
  { "id": 68, "label": "" },
  { "id": 69, "label": "" },
  { "id": 70, "label": "" },
  { "id": 71, "label": "" },
  { "id": 72, "label": "" },
  { "id": 73, "label": "" },
  { "id": 74, "label": "" },
  { "id": 75, "label": "" },
  { "id": 76, "label": "" },
  { "id": 77, "label": "" },
  { "id": 78, "label": "" },
  { "id": 79, "label": "" },
  { "id": 80, "label": "" },
  { "id": 81, "label": "" },
  { "id": 82, "label": "" },
  { "id": 83, "label": "" },
  { "id": 84, "label": "" },
  { "id": 85, "label": "" },
  { "id": 86, "label": "" },
  { "id": 87, "label": "" },
  { "id": 88, "label": "" },
  { "id": 89, "label": "" },
  { "id": 90, "label": "" },
  { "id": 91, "label": "" },
  { "id": 92, "label": "" },
  { "id": 93, "label": "" },
  { "id": 94, "label": "" },
  { "id": 95, "label": "" },
  { "id": 96, "label": "" },
  { "id": 97, "label": "" },
  { "id": 98, "label": "" },
  { "id": 99, "label": "" },
  { "id": 100, "label": "" },
  { "id": 101, "label": "" },
  { "id": 102, "label": "" },
  { "id": 103, "label": "" },
  { "id": 104, "label": "" },
  { "id": 105, "label": "" },
  { "id": 106, "label": "" },
  { "id": 107, "label": "" },
  { "id": 108, "label": "" },
  { "id": 109, "label": "" },
  { "id": 110, "label": "" },
  { "id": 111, "label": "" },
  { "id": 112, "label": "" },
  { "id": 113, "label": "" },
  { "id": 114, "label": "" },
  { "id": 115, "label": "" },
  { "id": 116, "label": "" },
  { "id": 117, "label": "" },
  { "id": 118, "label": "" },
  { "id": 119, "label": "" },
  { "id": 120, "label": "" },
  { "id": 121, "label": "" },
  { "id": 122, "label": "" },
  { "id": 123, "label": "" },
  { "id": 124, "label": "" },
  { "id": 125, "label": "" },
  { "id": 126, "label": "" },
  { "id": 127, "label": "" },
  { "id": 128, "label": "" },
  { "id": 129, "label": "" },
  { "id": 130, "label": "" },
  { "id": 131, "label": "" },
  { "id": 132, "label": "" },
  { "id": 133, "label": "" },
  { "id": 134, "label": "" },
  { "id": 135, "label": "" },
  { "id": 136, "label": "" },
  { "id": 137, "label": "" },
  { "id": 138, "label": "" },
  { "id": 139, "label": "" },
  { "id": 140, "label": "" },
  { "id": 141, "label": "" },
  { "id": 142, "label": "" },
  { "id": 143, "label": "" },
  { "id": 144, "label": "" },
  { "id": 145, "label": "" },
  { "id": 146, "label": "" },
  { "id": 147, "label": "" },
  { "id": 148, "label": "" },
  { "id": 149, "label": "" },
  { "id": 150, "label": "" },
  { "id": 151, "label": "" },
  { "id": 152, "label": "" },
  { "id": 153, "label": "" },
  { "id": 154, "label": "" },
  { "id": 155, "label": "" },
  { "id": 156, "label": "" },
  { "id": 157, "label": "" },
  { "id": 158, "label": "" },
  { "id": 159, "label": "" },
  { "id": 160, "label": "" },
  { "id": 161, "label": "" },
  { "id": 162, "label": "" },
  { "id": 163, "label": "" },
  { "id": 164, "label": "" },
  { "id": 165, "label": "" },
  { "id": 166, "label": "" },
  { "id": 167, "label": "" },
  { "id": 168, "label": "" },
  { "id": 169, "label": "" },
  { "id": 170, "label": "" }
]
